total;orgao_nome;unidade_nome;codigo;orgao;ano;mes;descricao;valor_orcado;valor_arrecado_mes;valor_arrecado_periodo;covid;unidade_id;codigo_original;linha_origem
176993;TESOURO MUNICIPAL;;1.1.1.2.50.0.0;2798;2025;1;IMPOSTO SOBRE A PROPRIEDADE PREDIAL E TERRITORIAL URBANA;112219000;2885620.64;2885620.64;0;;1112500;26941
176993;TESOURO MUNICIPAL;;1.1.1.2.50.0.1;2798;2025;1;IMPOSTO SOBRE A PROPRIEDADE PREDIAL E TERRITORIAL URBANA - PRINCIPAL;96032000;2274951.38;2274951.38;0;;11125001;26944
176993;TESOURO MUNICIPAL;;1.1.1.2.50.0.2;2798;2025;1;IMPOSTO SOBRE A PROPRIEDADE PREDIAL E TERRITORIAL URBANA - MULTAS E JUROS;564000;100668.5;100668.5;0;;11125002;27099
176993;TESOURO MUNICIPAL;;1.1.1.2.50.0.3;2798;2025;1;IMPOSTO SOBRE A PROPRIEDADE PREDIAL E TERRITORIAL URBANA - DÍVIDA ATIVA;10160000;315099.43;315099.43;0;;11125003;27014
176993;TESOURO MUNICIPAL;;1.1.1.2.50.0.4;2798;2025;1;IMPOSTO SOBRE A PROPRIEDADE PREDIAL E TERRITORIAL URBANA - DÍVIDA ATIVA - MULTAS E JUROS;5463000;194901.33;194901.33;0;;11125004;27042
176993;TESOURO MUNICIPAL;;1.1.1.4.51.1.0;2798;2025;1;IMPOSTO SOBRE SERVIÇOS DE QUALQUER NATUREZA - ISSQN;278560000;21802997.01;21802997.01;0;;1114511;26872
176993;TESOURO MUNICIPAL;;1.1.1.4.51.1.1;2798;2025;1;IMPOSTO SOBRE SERVIÇOS DE QUALQUER NATUREZA - ISSQN - PRINCIPAL;270821000;21293247.99;21293247.99;0;;11145111;26873
176993;TESOURO MUNICIPAL;;1.1.1.4.51.1.2;2798;2025;1;IMPOSTO SOBRE SERVIÇOS DE QUALQUER NATUREZA - ISSQN - MULTAS E JUROS;5865000;425288.01;425288.01;0;;11145112;26995
176993;TESOURO MUNICIPAL;;1.1.1.4.51.1.3;2798;2025;1;IMPOSTO SOBRE SERVIÇOS DE QUALQUER NATUREZA - ISSQN - DÍVIDA ATIVA;1052000;43248.99;43248.99;0;;11145113;27198
176993;TESOURO MUNICIPAL;;1.1.1.4.51.1.4;2798;2025;1;IMPOSTO SOBRE SERVIÇOS DE QUALQUER NATUREZA - ISSQN - DÍVIDA ATIVA - MULTAS E JUROS;822000;41212.02;41212.02;0;;11145114;27214
